"screenshot_id","level_id","source_path","image_path","image_width","image_height","fill_source_page","fill_state_name","fill_player_grid_x","fill_player_grid_y","fill_player_direction","fill_camera_x","fill_camera_y","fill_visible_text_layout","fill_dynamic_objects","fill_related_video_timecode","fill_notes","status"
"SWORD-SHOT-001","sword","参考资料/图片参考/贝克思贝斯之剑流程.docx","harness/baselines/screenshots/images/sword/SWORD_001.png","1792","1120","1","贝克思贝斯之剑-洞穴教学状态01","4","11","","","","洞穴石墙包围的文字地图；上方或中部有横向叙述/提示文字，角色字位于洞穴内。","玩家字、墙体字、教学提示文字、可交互文字/道路。","","AI初标，待人工确认；根据截图联络表粗略识别，坐标、朝向、帧号未精确标注。 重点复核教学提示原文和起始位置。 玩家格子坐标=AI测算(4,11)；坐标由“我”字模板匹配测算，置信度0.64。 朝向按要求暂不填写；镜头位置字段暂留空。","confirmed"
"SWORD-SHOT-002","sword","参考资料/图片参考/贝克思贝斯之剑流程.docx","harness/baselines/screenshots/images/sword/SWORD_002.png","1792","1120","2","贝克思贝斯之剑-洞穴教学状态02","10","16","","","","洞穴石墙包围的文字地图；中部有横向叙述/提示文字，角色字位于洞穴内，中部具有可以触发的句子。","玩家字、墙体字、教学提示文字、可交互文字/道路。","","AI初标，待人工确认；根据截图联络表粗略识别，坐标、朝向、帧号未精确标注。 重点复核教学提示原文和起始位置。 玩家格子坐标=AI测算(11,9)；坐标由低置信“我”字模板补洞测算，置信度0.45。 朝向按要求暂不填写；镜头位置字段暂留空。","confirmed"
"SWORD-SHOT-003","sword","参考资料/图片参考/贝克思贝斯之剑流程.docx","harness/baselines/screenshots/images/sword/SWORD_003.png","1792","1120","3","贝克思贝斯之剑-洞穴教学状态03","28","10","","","","洞穴石墙包围的文字地图；中部有横向叙述/提示文字，角色字位于洞穴内右侧，右侧岩石有一个通道","玩家字、墙体字、教学提示文字、可交互文字/道路。","","AI初标，待人工确认；根据截图联络表粗略识别，坐标、朝向、帧号未精确标注。 重点复核教学提示原文和起始位置。 玩家格子坐标=AI测算(28,10)；坐标由“我”字模板匹配测算，置信度0.86。 朝向按要求暂不填写；镜头位置字段暂留空。","confirmed"
"SWORD-SHOT-004","sword","参考资料/图片参考/贝克思贝斯之剑流程.docx","harness/baselines/screenshots/images/sword/SWORD_004.png","1792","1120","4","贝克思贝斯之剑-洞穴教学状态04","8","11","","","","洞穴石墙包围的文字地图；中部有横向叙述/提示文字，角色字位于洞穴内，右侧有史莱姆文字。","玩家字、墙体字、教学提示文字、可交互文字/道路。","","AI初标，待人工确认；根据截图联络表粗略识别，坐标、朝向、帧号未精确标注。 重点复核教学提示原文和起始位置。 玩家格子坐标=AI测算(8,11)；坐标由“我”字模板匹配测算，置信度0.66。 朝向按要求暂不填写；镜头位置字段暂留空。","confirmed"
"SWORD-SHOT-005","sword","参考资料/图片参考/贝克思贝斯之剑流程.docx","harness/baselines/screenshots/images/sword/SWORD_005.png","1792","1120","5","贝克思贝斯之剑-洞穴教学状态05","12","8","","","","洞穴石墙包围的文字地图；中部有横向叙述/提示文字，角色字位于洞穴内，右侧、下侧有史莱姆文字。","玩家字、墙体字、教学提示文字、可交互文字/道路。","","AI初标，待人工确认；根据截图联络表粗略识别，坐标、朝向、帧号未精确标注。 重点复核教学提示原文和起始位置。 玩家格子坐标=AI测算(18,7)；坐标由低置信“我”字模板补洞测算，置信度0.44。 朝向按要求暂不填写；镜头位置字段暂留空。","confirmed"
"SWORD-SHOT-006","sword","参考资料/图片参考/贝克思贝斯之剑流程.docx","harness/baselines/screenshots/images/sword/SWORD_006.png","1792","1120","6","贝克思贝斯之剑-洞穴教学状态06","13","9","","","","洞穴石墙包围的文字地图；中部有横向叙述/提示文字，角色字位于洞穴内，右侧、下侧有史莱姆","玩家字、墙体字、教学提示文字、可交互文字/道路。","","AI初标，待人工确认；根据截图联络表粗略识别，坐标、朝向、帧号未精确标注。 重点复核教学提示原文和起始位置。 玩家格子坐标=AI测算(13,9)；坐标由“我”字模板匹配测算，置信度0.66。 朝向按要求暂不填写；镜头位置字段暂留空。","confirmed"
"SWORD-SHOT-007","sword","参考资料/图片参考/贝克思贝斯之剑流程.docx","harness/baselines/screenshots/images/sword/SWORD_007.png","1792","1120","7","贝克思贝斯之剑-洞穴教学状态07","17","8","","","","洞穴石墙包围的文字地图；中部有横向叙述/提示文字，角色字位于洞穴内，右侧、下侧有史莱姆文字。","玩家字、墙体字、教学提示文字、可交互文字/道路。","","AI初标，待人工确认；根据截图联络表粗略识别，坐标、朝向、帧号未精确标注。 重点复核教学提示原文和起始位置。 玩家格子坐标=AI测算(9,7)；坐标由低置信“我”字模板补洞测算，置信度0.45。 朝向按要求暂不填写；镜头位置字段暂留空。","confirmed"
"SWORD-SHOT-008","sword","参考资料/图片参考/贝克思贝斯之剑流程.docx","harness/baselines/screenshots/images/sword/SWORD_008.png","1792","1120","8","贝克思贝斯之剑-洞穴教学状态08","17","9","","","","洞穴石墙包围的文字地图；中部有横向叙述/提示文字，角色字位于洞穴内，右侧、下侧有史莱姆文字。","玩家字、墙体字、教学提示文字、可交互文字/道路。","","AI初标，待人工确认；根据截图联络表粗略识别，坐标、朝向、帧号未精确标注。 重点复核教学提示原文和起始位置。 玩家格子坐标=AI测算(17,9)；坐标由“我”字模板匹配测算，置信度0.66。 朝向按要求暂不填写；镜头位置字段暂留空。","confirmed"
"SWORD-SHOT-009","sword","参考资料/图片参考/贝克思贝斯之剑流程.docx","harness/baselines/screenshots/images/sword/SWORD_009.png","1792","1120","9","贝克思贝斯之剑-黑屏竖排对白/转场09","17","9","","","","黑底画面，仅有少量竖排文字或单个角色字，“我”死亡。","对白文字、玩家/叙述字。","","AI初标，待人工确认；根据截图联络表粗略识别，坐标、朝向、帧号未精确标注。 重点复核该图是否属于转场、死亡提示或剧情对白。 玩家格子坐标=AI测算(0,0)；坐标由“我”字模板匹配测算，置信度0.88。 朝向按要求暂不填写；镜头位置字段暂留空。","confirmed"
"SWORD-SHOT-010","sword","参考资料/图片参考/贝克思贝斯之剑流程.docx","harness/baselines/screenshots/images/sword/SWORD_010.png","1792","1120","10","贝克思贝斯之剑-洞穴机关/剑提示状态10","16","8","","","","洞穴石墙包围的文字地图；上方或中部有横向叙述/提示文字，角色字位于洞穴内，右侧、下侧有史莱姆文字。","玩家字、剑相关文字、提示条、洞穴墙体、可触发文字。","","AI初标，待人工确认；根据截图联络表粗略识别，坐标、朝向、帧号未精确标注。 重点复核剑、空、墙等关键字的触发关系。 玩家格子坐标=AI测算(12,7)；坐标由低置信“我”字模板补洞测算，置信度0.43。 朝向按要求暂不填写；镜头位置字段暂留空。","confirmed"
"SWORD-SHOT-011","sword","参考资料/图片参考/贝克思贝斯之剑流程.docx","harness/baselines/screenshots/images/sword/SWORD_011.png","1792","1120","11","贝克思贝斯之剑-洞穴机关/剑提示状态11","16","8","","","","洞穴石墙包围的文字地图；上方或中部有横向叙述/提示文字，角色字位于洞穴内，右侧、下侧有史莱姆文字。","玩家字、剑相关文字、提示条、洞穴墙体、可触发文字。","","AI初标，待人工确认；根据截图联络表粗略识别，坐标、朝向、帧号未精确标注。 重点复核剑、空、墙等关键字的触发关系。 玩家格子坐标=AI测算(16,9)；坐标由“我”字模板匹配测算，置信度0.66。 朝向按要求暂不填写；镜头位置字段暂留空。","confirmed"
"SWORD-SHOT-012","sword","参考资料/图片参考/贝克思贝斯之剑流程.docx","harness/baselines/screenshots/images/sword/SWORD_012.png","1792","1120","12","贝克思贝斯之剑-洞穴机关/剑提示状态12","17","10","","","","洞穴石墙包围的文字地图，石墙文字减少；下方有横向叙述/提示文字，角色字位于洞穴内。","玩家字、剑相关文字、提示条、洞穴墙体、可触发文字。","","AI初标，待人工确认；根据截图联络表粗略识别，坐标、朝向、帧号未精确标注。 重点复核剑、空、墙等关键字的触发关系。 玩家格子坐标=AI测算(6,15)；坐标由“我”字模板匹配测算，置信度0.69。 朝向按要求暂不填写；镜头位置字段暂留空。","confirmed"
"SWORD-SHOT-013","sword","参考资料/图片参考/贝克思贝斯之剑流程.docx","harness/baselines/screenshots/images/sword/SWORD_013.png","1792","1120","13","贝克思贝斯之剑-洞穴机关/剑提示状态13","21","8","","","","洞穴石墙包围的文字地图；中部有横向叙述/提示文字，角色字位于洞穴内，右侧、下侧有史莱姆文字。","玩家字、剑相关文字、提示条、洞穴墙体、可触发文字。","","AI初标，待人工确认；根据截图联络表粗略识别，坐标、朝向、帧号未精确标注。 重点复核剑、空、墙等关键字的触发关系。 玩家格子坐标=AI测算(21,8)；坐标由“我”字模板匹配测算，置信度0.66。 朝向按要求暂不填写；镜头位置字段暂留空。","confirmed"
"SWORD-SHOT-014","sword","参考资料/图片参考/贝克思贝斯之剑流程.docx","harness/baselines/screenshots/images/sword/SWORD_014.png","2285","1285","14","贝克思贝斯之剑-洞穴机关/剑提示状态14","4","8","","","","洞穴石墙包围的文字地图；中部有横向叙述/提示文字，角色字位于洞穴内，右侧、下侧史莱姆文字消失，变为“柠”字。","玩家字、剑相关文字、提示条、洞穴墙体、可触发文字。","","AI初标，待人工确认；根据截图联络表粗略识别，坐标、朝向、帧号未精确标注。 重点复核剑、空、墙等关键字的触发关系。 玩家格子坐标=AI测算(4,8)；坐标由低置信“我”字模板补洞测算，置信度0.42。 朝向按要求暂不填写；镜头位置字段暂留空。","confirmed"
"SWORD-SHOT-015","sword","参考资料/图片参考/贝克思贝斯之剑流程.docx","harness/baselines/screenshots/images/sword/SWORD_015.png","1792","1120","15","贝克思贝斯之剑-洞穴机关/剑提示状态15","8","8","","","","洞穴石墙包围的文字地图；中部有横向叙述/提示文字，角色字位于洞穴内，右侧、下侧有史莱姆文字。","玩家字、剑相关文字、提示条、洞穴墙体、可触发文字。","","AI初标，待人工确认；根据截图联络表粗略识别，坐标、朝向、帧号未精确标注。 重点复核剑、空、墙等关键字的触发关系。 玩家格子坐标=AI测算(8,8)；坐标由低置信“我”字模板补洞测算，置信度0.41。 朝向按要求暂不填写；镜头位置字段暂留空。","confirmed"
"SWORD-SHOT-016","sword","参考资料/图片参考/贝克思贝斯之剑流程.docx","harness/baselines/screenshots/images/sword/SWORD_016.png","1792","1120","16","贝克思贝斯之剑-洞穴机关/剑提示状态16","8","8","","","","洞穴石墙包围的文字地图；中部有横向触发剧情文字，角色字位于洞穴内，右侧、下侧有史莱姆文字。","玩家字、剑相关文字、提示条、洞穴墙体、可触发文字。","","AI初标，待人工确认；根据截图联络表粗略识别，坐标、朝向、帧号未精确标注。 重点复核剑、空、墙等关键字的触发关系。 玩家格子坐标=AI测算(8,8)；坐标由低置信“我”字模板补洞测算，置信度0.42。 朝向按要求暂不填写；镜头位置字段暂留空。","confirmed"
"SWORD-SHOT-017","sword","参考资料/图片参考/贝克思贝斯之剑流程.docx","harness/baselines/screenshots/images/sword/SWORD_017.png","1792","1120","17","贝克思贝斯之剑-洞穴机关/剑提示状态17","14","9","","","","洞穴石墙包围的文字地图；中部有横向叙述/提示文字，角色字位于洞穴内，右侧、下侧有史莱姆文字。","玩家字、剑相关文字、提示条、洞穴墙体、可触发文字。","","AI初标，待人工确认；根据截图联络表粗略识别，坐标、朝向、帧号未精确标注。 重点复核剑、空、墙等关键字的触发关系。 玩家格子坐标=AI测算(14,9)；坐标由“我”字模板匹配测算，置信度0.66。 朝向按要求暂不填写；镜头位置字段暂留空。","confirmed"
"SWORD-SHOT-018","sword","参考资料/图片参考/贝克思贝斯之剑流程.docx","harness/baselines/screenshots/images/sword/SWORD_018.png","1792","1120","18","贝克思贝斯之剑-黑屏竖排对白/转场18","14","9","","","","黑底画面，中部竖排文字或单个角色字，“我”谁死了场景。","对白文字、玩家/叙述字。","","AI初标，待人工确认；根据截图联络表粗略识别，坐标、朝向、帧号未精确标注。 重点复核该图是否属于转场、死亡提示或剧情对白。 玩家格子坐标=AI测算(0,0)；坐标由“我”字模板匹配测算，置信度0.88。 朝向按要求暂不填写；镜头位置字段暂留空。","confirmed"
"SWORD-SHOT-019","sword","参考资料/图片参考/贝克思贝斯之剑流程.docx","harness/baselines/screenshots/images/sword/SWORD_019.png","1792","1120","19","贝克思贝斯之剑-洞穴机关/剑提示状态19","22","8","","","","洞穴石墙包围的文字地图；中部有横向提示文字，角色字位于洞穴内，右侧、下侧有史莱姆文字。","玩家字、剑相关文字、提示条、洞穴墙体、可触发文字。","","AI初标，待人工确认；根据截图联络表粗略识别，坐标、朝向、帧号未精确标注。 重点复核剑、空、墙等关键字的触发关系。 玩家格子坐标=AI测算(8,8)；坐标由低置信“我”字模板补洞测算，置信度0.41。 朝向按要求暂不填写；镜头位置字段暂留空。","confirmed"
"SWORD-SHOT-020","sword","参考资料/图片参考/贝克思贝斯之剑流程.docx","harness/baselines/screenshots/images/sword/SWORD_020.png","1792","1120","20","贝克思贝斯之剑-洞穴机关/剑提示状态20","22","8","","","","洞穴石墙包围的文字地图；中部有横向叙述文字，角色字位于洞穴内。","玩家字、剑相关文字、提示条、洞穴墙体、可触发文字。","","AI初标，待人工确认；根据截图联络表粗略识别，坐标、朝向、帧号未精确标注。 重点复核剑、空、墙等关键字的触发关系。 玩家格子坐标=AI测算(22,8)；坐标由“我”字模板匹配测算，置信度0.66。 朝向按要求暂不填写；镜头位置字段暂留空。","confirmed"
"SWORD-SHOT-021","sword","参考资料/图片参考/贝克思贝斯之剑流程.docx","harness/baselines/screenshots/images/sword/SWORD_021.png","1792","1120","21","贝克思贝斯之剑-外部遗迹/敌人区域状态21","16","4","","","","浅色外部区域字，由无动画字构成，“蛇”字构成的物体在追逐。","玩家字、敌人/障碍字、石墙字、竖向道路或场景说明文字。","","AI初标，待人工确认；根据截图联络表粗略识别，坐标、朝向、帧号未精确标注。 重点复核敌人、机关、通路和胜负状态。 玩家格子坐标=AI测算(14,15)；坐标由低置信“我”字模板补洞测算，置信度0.31。 朝向按要求暂不填写；镜头位置字段暂留空。","confirmed"
"SWORD-SHOT-022","sword","参考资料/图片参考/贝克思贝斯之剑流程.docx","harness/baselines/screenshots/images/sword/SWORD_022.png","1788","1123","22","贝克思贝斯之剑-外部遗迹/敌人区域状态22","12","6","","","","浅色外部区域字，由无动画字构成，“蛇”字构成的物体在追逐，上方出现障碍字阻断逃跑路线。并发射“媚眼”。","玩家字、敌人/障碍字、石墙字、竖向道路或场景说明文字。","","AI初标，待人工确认；根据截图联络表粗略识别，坐标、朝向、帧号未精确标注。 重点复核敌人、机关、通路和胜负状态。 玩家格子坐标=AI测算(13,13)；坐标由低置信“我”字模板补洞测算，置信度0.33。 朝向按要求暂不填写；镜头位置字段暂留空。","confirmed"
"SWORD-SHOT-023","sword","参考资料/图片参考/贝克思贝斯之剑流程.docx","harness/baselines/screenshots/images/sword/SWORD_023.png","1792","1120","23","贝克思贝斯之剑-外部遗迹/敌人区域状态23","22","7","","","","浅色外部区域字，由石墙文字块组成，下部有提示文字。","玩家字、敌人/障碍字、石墙字、竖向道路或场景说明文字。","","AI初标，待人工确认；根据截图联络表粗略识别，坐标、朝向、帧号未精确标注。 重点复核敌人、机关、通路和胜负状态。 玩家格子坐标=AI测算(16,1)；坐标由“我”字模板匹配测算，置信度0.88。 朝向按要求暂不填写；镜头位置字段暂留空。","confirmed"
"SWORD-SHOT-024","sword","参考资料/图片参考/贝克思贝斯之剑流程.docx","harness/baselines/screenshots/images/sword/SWORD_024.png","1792","1120","24","贝克思贝斯之剑-黑屏竖排对白/转场24","16","7","","","","死亡场景，中部有竖排文字，“我”被射死了场景。","对白文字、玩家/叙述字。","","AI初标，待人工确认；根据截图联络表粗略识别，坐标、朝向、帧号未精确标注。 重点复核该图是否属于转场、死亡提示或剧情对白。 玩家格子坐标=AI测算(0,0)；坐标由“我”字模板匹配测算，置信度0.81。 朝向按要求暂不填写；镜头位置字段暂留空。","confirmed"
"SWORD-SHOT-025","sword","参考资料/图片参考/贝克思贝斯之剑流程.docx","harness/baselines/screenshots/images/sword/SWORD_025.png","1792","1120","25","贝克思贝斯之剑-外部遗迹/敌人区域状态25","18","4","","","","浅色外部区域字，由无动画字构成，“蛇”字构成的物体在追逐，上方出现障碍字阻断逃跑路线。","玩家字、敌人/障碍字、石墙字、竖向道路或场景说明文字。","","AI初标，待人工确认；根据截图联络表粗略识别，坐标、朝向、帧号未精确标注。 重点复核敌人、机关、通路和胜负状态。 玩家格子坐标=AI测算(16,17)；坐标由低置信“我”字模板补洞测算，置信度0.39。 朝向按要求暂不填写；镜头位置字段暂留空。","confirmed"
"SWORD-SHOT-026","sword","参考资料/图片参考/贝克思贝斯之剑流程.docx","harness/baselines/screenshots/images/sword/SWORD_026.png","1792","1120","26","贝克思贝斯之剑-外部遗迹/敌人区域状态26","13","4","","","","浅色外部区域字，由无动画字构成，“蛇”字构成的物体在追逐，上方出现障碍字阻断逃跑路线。","玩家字、敌人/障碍字、石墙字、竖向道路或场景说明文字。","","AI初标，待人工确认；根据截图联络表粗略识别，坐标、朝向、帧号未精确标注。 重点复核敌人、机关、通路和胜负状态。 玩家格子坐标=AI测算(18,3)；坐标由低置信“我”字模板补洞测算，置信度0.38。 朝向按要求暂不填写；镜头位置字段暂留空。","confirmed"
"SWORD-SHOT-027","sword","参考资料/图片参考/贝克思贝斯之剑流程.docx","harness/baselines/screenshots/images/sword/SWORD_027.png","1792","1120","27","贝克思贝斯之剑-外部遗迹/敌人区域状态27","22","3","","","","浅色外部区域字，由无动画字构成，“蛇”字构成的物体在追逐，上方出现障碍字阻断逃跑路线。","玩家字、敌人/障碍字、石墙字、竖向道路或场景说明文字。","","AI初标，待人工确认；根据截图联络表粗略识别，坐标、朝向、帧号未精确标注。 重点复核敌人、机关、通路和胜负状态。 玩家格子坐标=AI测算(27,2)；坐标由低置信“我”字模板补洞测算，置信度0.34。 朝向按要求暂不填写；镜头位置字段暂留空。","confirmed"
"SWORD-SHOT-028","sword","参考资料/图片参考/贝克思贝斯之剑流程.docx","harness/baselines/screenshots/images/sword/SWORD_028.png","1792","1120","28","贝克思贝斯之剑-外部遗迹/敌人区域状态28","15","4","","","","浅色外部区域字，由无动画字构成，“蛇”字构成的物体在追逐，上方出现障碍字阻断逃跑路线。","玩家字、敌人/障碍字、石墙字、竖向道路或场景说明文字。","","AI初标，待人工确认；根据截图联络表粗略识别，坐标、朝向、帧号未精确标注。 重点复核敌人、机关、通路和胜负状态。 玩家格子坐标=AI测算(13,15)；坐标由低置信“我”字模板补洞测算，置信度0.41。 朝向按要求暂不填写；镜头位置字段暂留空。","confirmed"
"SWORD-SHOT-029","sword","参考资料/图片参考/贝克思贝斯之剑流程.docx","harness/baselines/screenshots/images/sword/SWORD_029.png","1792","1120","29","贝克思贝斯之剑-外部遗迹/敌人区域状态29","14","2","","","","浅色外部区域字，由无动画字构成，“蛇”字构成的物体在追逐，上方出现障碍字阻断逃跑路线。","玩家字、敌人/障碍字、石墙字、竖向道路或场景说明文字。","","AI初标，待人工确认；根据截图联络表粗略识别，坐标、朝向、帧号未精确标注。 重点复核敌人、机关、通路和胜负状态。 玩家格子坐标=AI测算(14,2)；坐标由低置信“我”字模板补洞测算，置信度0.56。 朝向按要求暂不填写；镜头位置字段暂留空。","confirmed"
"SWORD-SHOT-030","sword","参考资料/图片参考/贝克思贝斯之剑流程.docx","harness/baselines/screenshots/images/sword/SWORD_030.png","1792","1120","30","贝克思贝斯之剑-外部遗迹/敌人区域状态30","10","4","","","","浅色外部区域字，由无动画字构成，“蛇”字构成的物体在追逐，上方出现障碍字阻断逃跑路线。","玩家字、敌人/障碍字、石墙字、竖向道路或场景说明文字。","","AI初标，待人工确认；根据截图联络表粗略识别，坐标、朝向、帧号未精确标注。 重点复核敌人、机关、通路和胜负状态。 玩家格子坐标=AI测算(17,3)；坐标由低置信“我”字模板补洞测算，置信度0.45。 朝向按要求暂不填写；镜头位置字段暂留空。","confirmed"
"SWORD-SHOT-031","sword","参考资料/图片参考/贝克思贝斯之剑流程.docx","harness/baselines/screenshots/images/sword/SWORD_031.png","1792","1120","31","贝克思贝斯之剑-外部遗迹/敌人区域状态31","16","8","","","","上方出现叙述文字，下方“蛇”追逐物体被消灭。","玩家字、敌人/障碍字、石墙字、竖向道路或场景说明文字。","","AI初标，待人工确认；根据截图联络表粗略识别，坐标、朝向、帧号未精确标注。 重点复核敌人、机关、通路和胜负状态。 玩家格子坐标=AI测算(7,7)；坐标由“我”字模板匹配测算，置信度0.88。 朝向按要求暂不填写；镜头位置字段暂留空。","confirmed"
"SWORD-SHOT-032","sword","参考资料/图片参考/贝克思贝斯之剑流程.docx","harness/baselines/screenshots/images/sword/SWORD_032.png","1792","1120","32","贝克思贝斯之剑-结尾对白/收束状态32","22","8","","","","洞穴石墙包围的文字地图，石墙文字减少；上方有横向叙述/提示文字，角色字位于洞穴内。","剧情对白、玩家字、洞穴墙体或转场文字。","","AI初标，待人工确认；根据截图联络表粗略识别，坐标、朝向、帧号未精确标注。 重点复核结尾对白顺序与通关触发条件。 玩家格子坐标=AI测算(22,9)；坐标由“我”字模板匹配测算，置信度0.88。 朝向按要求暂不填写；镜头位置字段暂留空。","confirmed"
"SWORD-SHOT-033","sword","参考资料/图片参考/贝克思贝斯之剑流程.docx","harness/baselines/screenshots/images/sword/SWORD_033.png","1792","1120","33","贝克思贝斯之剑-结尾对白/收束状态33","12","8","","","","洞穴石墙包围的文字地图，石墙文字减少；下方有横向叙述/提示文字，角色字位于洞穴内。","剧情对白、玩家字、洞穴墙体或转场文字。","","AI初标，待人工确认；根据截图联络表粗略识别，坐标、朝向、帧号未精确标注。 重点复核结尾对白顺序与通关触发条件。 玩家格子坐标=AI测算(12,8)；坐标由“我”字模板匹配测算，置信度0.88。 朝向按要求暂不填写；镜头位置字段暂留空。","confirmed"
"SWORD-SHOT-034","sword","参考资料/图片参考/贝克思贝斯之剑流程.docx","harness/baselines/screenshots/images/sword/SWORD_034.png","1792","1120","34","贝克思贝斯之剑-结尾对白/收束状态34","12","12","","","","洞穴石墙包围的文字地图，石墙文字减少，下方出现一条通道，上方有横向叙述/提示文字，角色字位于洞穴内开始掉落。","剧情对白、玩家字、洞穴墙体或转场文字。","","AI初标，待人工确认；根据截图联络表粗略识别，坐标、朝向、帧号未精确标注。 重点复核结尾对白顺序与通关触发条件。 玩家格子坐标=AI测算(14,1)；坐标由低置信“我”字模板补洞测算，置信度0.38。 朝向按要求暂不填写；镜头位置字段暂留空。","confirmed"
"SWORD-SHOT-035","sword","参考资料/图片参考/贝克思贝斯之剑流程.docx","harness/baselines/screenshots/images/sword/SWORD_035.png","1792","1120","35","贝克思贝斯之剑-结尾对白/收束状态35","20","6","","","","洞穴石墙包围的文字地图，中部有横向叙述/提示文字，角色字位于洞穴内。","剧情对白、玩家字、洞穴墙体或转场文字。","","AI初标，待人工确认；根据截图联络表粗略识别，坐标、朝向、帧号未精确标注。 重点复核结尾对白顺序与通关触发条件。 玩家格子坐标=AI测算(20,6)；坐标由“我”字模板匹配测算，置信度0.88。 朝向按要求暂不填写；镜头位置字段暂留空。","confirmed"
"SWORD-SHOT-036","sword","参考资料/图片参考/贝克思贝斯之剑流程.docx","harness/baselines/screenshots/images/sword/SWORD_036.png","1792","1120","36","贝克思贝斯之剑-结尾对白/收束状态36","18","7","","","","洞穴石墙包围的文字地图，中部有横向叙述/提示文字，角色字位于洞穴内。","剧情对白、玩家字、洞穴墙体或转场文字。","","AI初标，待人工确认；根据截图联络表粗略识别，坐标、朝向、帧号未精确标注。 重点复核结尾对白顺序与通关触发条件。 玩家格子坐标=AI测算(15,8)；坐标由低置信“我”字模板补洞测算，置信度0.45。 朝向按要求暂不填写；镜头位置字段暂留空。","confirmed"
"SWORD-SHOT-037","sword","参考资料/图片参考/贝克思贝斯之剑流程.docx","harness/baselines/screenshots/images/sword/SWORD_037.png","1792","1120","37","贝克思贝斯之剑-黑屏竖排对白/转场37","18","7","","","","竖排文字，“我”摔死了。","对白文字、玩家/叙述字。","","AI初标，待人工确认；根据截图联络表粗略识别，坐标、朝向、帧号未精确标注。 重点复核该图是否属于转场、死亡提示或剧情对白。 玩家格子坐标=AI测算(0,0)；坐标由“我”字模板匹配测算，置信度0.88。 朝向按要求暂不填写；镜头位置字段暂留空。","confirmed"
"GLOVE-SHOT-001","glove","参考资料/图片参考/手套流程.docx","harness/baselines/screenshots/images/glove/GLOVE_001.png","1612","1008","1","维塔之手-巨掌迷宫/手势切换状态01","20","15","","","","中部和右侧由“掌”字组成巨掌边界，左侧有剧情说明，底部有“俯瞰这一个巨大手掌，是零的手势”说明。","玩家字、勇者字、剑/手势字、巨掌墙体、可切换的手势或按钮文字。","","AI初标，待人工确认；根据截图联络表粗略识别，坐标、朝向、帧号未精确标注。 重点复核手势名称、按钮状态和玩家位置。 玩家格子坐标=AI测算(6,6)；坐标由低置信“我”字模板补洞测算，置信度0.36。 朝向按要求暂不填写；镜头位置字段暂留空。","confirmed"
"GLOVE-SHOT-002","glove","参考资料/图片参考/手套流程.docx","harness/baselines/screenshots/images/glove/GLOVE_002.png","1612","1008","2","维塔之手-巨掌迷宫/手势切换状态02","26","15","","","","中部和右侧由“掌”字组成巨掌边界，左侧有剧情说明，底部有“俯瞰这一个巨大手掌，是赞的手势”说明。","玩家字、勇者字、剑/手势字、巨掌墙体、可切换的手势或按钮文字。","","AI初标，待人工确认；根据截图联络表粗略识别，坐标、朝向、帧号未精确标注。 重点复核手势名称、按钮状态和玩家位置。 玩家格子坐标=AI测算(25,13)；坐标由“我”字模板匹配测算，置信度0.63。 朝向按要求暂不填写；镜头位置字段暂留空。","confirmed"
"GLOVE-SHOT-003","glove","参考资料/图片参考/手套流程.docx","harness/baselines/screenshots/images/glove/GLOVE_003.png","1612","1008","3","维塔之手-巨掌迷宫/手势切换状态03","26","15","","","","中部和右侧由“掌”字组成巨掌边界，左侧有剧情说明，底部有“俯瞰这一个巨大手掌，是赞的手势”说明。","玩家字、勇者字、剑/手势字、巨掌墙体、可切换的手势或按钮文字。","","AI初标，待人工确认；根据截图联络表粗略识别，坐标、朝向、帧号未精确标注。 重点复核手势名称、按钮状态和玩家位置。 玩家格子坐标=AI测算(26,14)；坐标由黄色高亮玩家字测算，像素中心约(1335,834)。 朝向按要求暂不填写；镜头位置字段暂留空。","confirmed"
"GLOVE-SHOT-004","glove","参考资料/图片参考/手套流程.docx","harness/baselines/screenshots/images/glove/GLOVE_004.png","1612","1008","4","维塔之手-巨掌迷宫/手势切换状态04","26","15","","","","中部和右侧由“掌”字组成巨掌边界，左侧有剧情说明，底部有“俯瞰这一个巨大手掌，是二的手势”说明。","玩家字、勇者字、剑/手势字、巨掌墙体、可切换的手势或按钮文字。","","AI初标，待人工确认；根据截图联络表粗略识别，坐标、朝向、帧号未精确标注。 重点复核手势名称、按钮状态和玩家位置。 玩家格子坐标=AI测算(25,15)；坐标由“我”字模板匹配测算，置信度0.63。 朝向按要求暂不填写；镜头位置字段暂留空。","confirmed"
"GLOVE-SHOT-005","glove","参考资料/图片参考/手套流程.docx","harness/baselines/screenshots/images/glove/GLOVE_005.png","1612","1008","5","维塔之手-巨掌迷宫/手势切换状态05","26","15","","","","中部和右侧由“掌”字组成巨掌边界，左侧有剧情说明，底部有“俯瞰这一个巨大手掌，是赢的手势”说明。","玩家字、勇者字、剑/手势字、巨掌墙体、可切换的手势或按钮文字。","","AI初标，待人工确认；根据截图联络表粗略识别，坐标、朝向、帧号未精确标注。 重点复核手势名称、按钮状态和玩家位置。 玩家格子坐标=AI测算(26,16)；坐标由黄色高亮玩家字测算，像素中心约(1335,834)。 朝向按要求暂不填写；镜头位置字段暂留空。","confirmed"
"GLOVE-SHOT-006","glove","参考资料/图片参考/手套流程.docx","harness/baselines/screenshots/images/glove/GLOVE_006.png","1612","1008","6","维塔之手-巨掌迷宫/手势切换状态06","26","15","","","","中部和右侧由“掌”字组成巨掌边界，左侧有剧情说明，底部有“俯瞰这一个巨大手掌，是赢的手势”说明。","玩家字、勇者字、剑/手势字、巨掌墙体、可切换的手势或按钮文字。","","AI初标，待人工确认；根据截图联络表粗略识别，坐标、朝向、帧号未精确标注。 重点复核手势名称、按钮状态和玩家位置。 玩家格子坐标=AI测算(25,15)；坐标由“我”字模板匹配测算，置信度0.63。 朝向按要求暂不填写；镜头位置字段暂留空。","confirmed"
"GLOVE-SHOT-007","glove","参考资料/图片参考/手套流程.docx","harness/baselines/screenshots/images/glove/GLOVE_007.png","1612","1008","7","维塔之手-巨掌迷宫/手势切换状态07","6","4","","","","中部和右侧由“掌”字组成巨掌边界，左侧有剧情说明与提示文字，底部有“俯瞰这一个巨大手掌，是好的手势”说明。","玩家字、勇者字、剑/手势字、巨掌墙体、可切换的手势或按钮文字。","","AI初标，待人工确认；根据截图联络表粗略识别，坐标、朝向、帧号未精确标注。 重点复核手势名称、按钮状态和玩家位置。 玩家格子坐标=AI测算(6,1)；坐标由低置信“我”字模板补洞测算，置信度0.45。 朝向按要求暂不填写；镜头位置字段暂留空。","confirmed"
"GLOVE-SHOT-008","glove","参考资料/图片参考/手套流程.docx","harness/baselines/screenshots/images/glove/GLOVE_008.png","1612","1008","8","维塔之手-巨掌迷宫/手势切换状态08","6","4","","","","中部和右侧由“掌”字组成巨掌边界，左侧有剧情说明，底部有“俯瞰这一个巨大手掌，是赞的手势”说明。","玩家字、勇者字、剑/手势字、巨掌墙体、可切换的手势或按钮文字。","","AI初标，待人工确认；根据截图联络表粗略识别，坐标、朝向、帧号未精确标注。 重点复核手势名称、按钮状态和玩家位置。 玩家格子坐标=AI测算(5,4)；坐标由“我”字模板匹配测算，置信度0.59。 朝向按要求暂不填写；镜头位置字段暂留空。","confirmed"
"GLOVE-SHOT-009","glove","参考资料/图片参考/手套流程.docx","harness/baselines/screenshots/images/glove/GLOVE_009.png","1612","1008","9","维塔之手-黑屏剧情对白状态","24","5","","","","左侧有对白，右侧竖排角色字。","剧情对白、角色字。","","AI初标，待人工确认；根据截图联络表粗略识别，坐标、朝向、帧号未精确标注。 重点复核对白原文。 玩家格子坐标=AI测算(23,3)；坐标由“我”字模板匹配测算，置信度0.74。 朝向按要求暂不填写；镜头位置字段暂留空。","confirmed"
"GLOVE-SHOT-010","glove","参考资料/图片参考/手套流程.docx","harness/baselines/screenshots/images/glove/GLOVE_010.png","1390","790","10","维塔之手-勇者包围/结局或失败提示状态","15","10","","","","左右两侧和顶部密集“勇”字形成包围；中部有较长对白和“世界由…来拯救”类文字。","大量勇者字、玩家字、对白文字、结局/失败提示。","","AI初标，待人工确认；根据截图联络表粗略识别，坐标、朝向、帧号未精确标注。 重点复核这是失败、结局还是特殊剧情分支。 玩家格子坐标=AI测算(28,0)；坐标由低置信“我”字模板补洞测算，置信度0.35。 朝向按要求暂不填写；镜头位置字段暂留空。","confirmed"
"GLOVE-SHOT-011","glove","参考资料/图片参考/手套流程.docx","harness/baselines/screenshots/images/glove/GLOVE_011.png","1612","1008","11","维塔之手-路径/手势提示红框标注状态","20","16","","","","中部和右侧由“掌”字组成巨掌边界，左侧有剧情说明与提示文字，底部有“俯瞰这一个巨大手掌，是零的手势”说明。","玩家字、巨掌墙体、手势文字、红框注释、提示文字。","","AI初标，待人工确认；根据截图联络表粗略识别，坐标、朝向、帧号未精确标注。 红框属于参考标注还是游戏内效果需人工确认。 玩家格子坐标=AI测算(20,14)；坐标由“我”字模板匹配测算，置信度0.74。 朝向按要求暂不填写；镜头位置字段暂留空。","confirmed"
"GLOVE-SHOT-012","glove","参考资料/图片参考/手套流程.docx","harness/baselines/screenshots/images/glove/GLOVE_012.png","1612","1008","12","维塔之手-巨掌迷宫/手势切换状态12","14","14","","","","中部和右侧由“掌”字组成巨掌边界，左侧有剧情说明与提示文字，底部有“俯瞰这一个巨大手掌，是零的手势”说明。","玩家字、勇者字、剑/手势字、巨掌墙体、可切换的手势或按钮文字。","","AI初标，待人工确认；根据截图联络表粗略识别，坐标、朝向、帧号未精确标注。 重点复核手势名称、按钮状态和玩家位置。 玩家格子坐标=AI测算(14,12)；坐标由黄色高亮玩家字测算，像素中心约(730,773)。 朝向按要求暂不填写；镜头位置字段暂留空。","confirmed"
"GLOVE-SHOT-013","glove","参考资料/图片参考/手套流程.docx","harness/baselines/screenshots/images/glove/GLOVE_013.png","1612","1008","13","维塔之手-巨掌迷宫/手势切换状态13","14","14","","","","中部和右侧由“掌”字组成巨掌边界，左侧有剧情说明与提示文字，底部有“俯瞰这一个巨大手掌，是零的手势”说明。","玩家字、勇者字、剑/手势字、巨掌墙体、可切换的手势或按钮文字。","","AI初标，待人工确认；根据截图联络表粗略识别，坐标、朝向、帧号未精确标注。 重点复核手势名称、按钮状态和玩家位置。 玩家格子坐标=AI测算(13,12)；坐标由“我”字模板匹配测算，置信度0.69。 朝向按要求暂不填写；镜头位置字段暂留空。","confirmed"
"GLOVE-SHOT-014","glove","参考资料/图片参考/手套流程.docx","harness/baselines/screenshots/images/glove/GLOVE_014.png","1612","1008","14","维塔之手-巨掌迷宫/手势切换状态14","26","15","","","","中部和右侧由“掌”字组成巨掌边界，左侧有剧情说明与提示文字，底部有“俯瞰这一个巨大手掌，是一的手势”说明。","玩家字、勇者字、剑/手势字、巨掌墙体、可切换的手势或按钮文字。","","AI初标，待人工确认；根据截图联络表粗略识别，坐标、朝向、帧号未精确标注。 重点复核手势名称、按钮状态和玩家位置。 玩家格子坐标=AI测算(26,14)；坐标由黄色高亮玩家字测算，像素中心约(1335,835)。 朝向按要求暂不填写；镜头位置字段暂留空。","confirmed"
"GLOVE-SHOT-015","glove","参考资料/图片参考/手套流程.docx","harness/baselines/screenshots/images/glove/GLOVE_015.png","1612","1008","15","维塔之手-巨掌迷宫/手势切换状态15","26","15","","","","中部和右侧由“掌”字组成巨掌边界，左侧有剧情说明与提示文字，底部有“俯瞰这一个巨大手掌，是一的手势”说明。","玩家字、勇者字、剑/手势字、巨掌墙体、可切换的手势或按钮文字。","","AI初标，待人工确认；根据截图联络表粗略识别，坐标、朝向、帧号未精确标注。 重点复核手势名称、按钮状态和玩家位置。 玩家格子坐标=AI测算(25,15)；坐标由“我”字模板匹配测算，置信度0.73。 朝向按要求暂不填写；镜头位置字段暂留空。","confirmed"
"GLOVE-SHOT-016","glove","参考资料/图片参考/手套流程.docx","harness/baselines/screenshots/images/glove/GLOVE_016.png","1612","1008","16","维塔之手-巨掌迷宫/手势切换状态16","26","15","","","","中部和右侧由“掌”字组成巨掌边界，左侧有剧情说明与提示文字，底部有“俯瞰这一个巨大手掌，是好的手势”说明。","玩家字、勇者字、剑/手势字、巨掌墙体、可切换的手势或按钮文字。","","AI初标，待人工确认；根据截图联络表粗略识别，坐标、朝向、帧号未精确标注。 重点复核手势名称、按钮状态和玩家位置。 玩家格子坐标=AI测算(26,14)；坐标由黄色高亮玩家字测算，像素中心约(1335,834)。 朝向按要求暂不填写；镜头位置字段暂留空。","confirmed"
"GLOVE-SHOT-017","glove","参考资料/图片参考/手套流程.docx","harness/baselines/screenshots/images/glove/GLOVE_017.png","1612","1008","17","维塔之手-巨掌迷宫/手势切换状态17","26","15","","","","中部和右侧由“掌”字组成巨掌边界，左侧有剧情说明与提示文字，底部有“俯瞰这一个巨大手掌，是好的手势”说明。","玩家字、勇者字、剑/手势字、巨掌墙体、可切换的手势或按钮文字。","","AI初标，待人工确认；根据截图联络表粗略识别，坐标、朝向、帧号未精确标注。 重点复核手势名称、按钮状态和玩家位置。 玩家格子坐标=AI测算(25,13)；坐标由“我”字模板匹配测算，置信度0.63。 朝向按要求暂不填写；镜头位置字段暂留空。","confirmed"
"GLOVE-SHOT-018","glove","参考资料/图片参考/手套流程.docx","harness/baselines/screenshots/images/glove/GLOVE_018.png","1612","1008","18","维塔之手-巨掌迷宫/手势切换状态18","26","15","","","","中部和右侧由“掌”字组成巨掌边界，左侧有剧情说明与提示文字，底部有“俯瞰这一个巨大手掌，是赞的手势”说明。","玩家字、勇者字、剑/手势字、巨掌墙体、可切换的手势或按钮文字。","","AI初标，待人工确认；根据截图联络表粗略识别，坐标、朝向、帧号未精确标注。 重点复核手势名称、按钮状态和玩家位置。 玩家格子坐标=AI测算(26,14)；坐标由黄色高亮玩家字测算，像素中心约(1335,834)。 朝向按要求暂不填写；镜头位置字段暂留空。","confirmed"
"HELMET-SHOT-001","helmet","参考资料/图片参考/四目头盔流程.docx","harness/baselines/screenshots/images/helmet/HELMET_001.png","1792","1120","1","卡泽之盔-开场宽地图/森林入口状态","4","14","","","","大范围文字地图，左侧密集墙体/地形，中央有青色高亮区域，右侧为竖向墙体。","玩家字、地形字、青色高亮区域、入口提示文字。","36:57-38:34","Excluded from current recreation scope; archived for traceability only. 人工备注：误保存，暂时不做这张图","excluded"
"HELMET-SHOT-002","helmet","参考资料/图片参考/四目头盔流程.docx","harness/baselines/screenshots/images/helmet/HELMET_002.png","1792","1120","2","卡泽之盔-第一阶段洞穴/盔提示状态02","15","9","","","","右侧竖向河流为主，左侧有多行说明文字，局部出现玩家字和地形连接。","玩家字、墙体字、盔/帽相关文字、桥或道路字。","36:57-38:34","AI初标，待人工确认；根据截图联络表粗略识别，坐标、朝向、帧号未精确标注。 重点复核盔/帽触发点与玩家位置。 玩家格子坐标=AI测算(13,9)；坐标由“我”字模板匹配测算，置信度0.90。 朝向按要求暂不填写；镜头位置字段暂留空。","confirmed"
"HELMET-SHOT-003","helmet","参考资料/图片参考/四目头盔流程.docx","harness/baselines/screenshots/images/helmet/HELMET_003.png","1792","1120","3","卡泽之盔-第一阶段洞穴/盔提示状态03","8","6","","","","右侧竖向墙体为主，左侧有多行说明文字，局部出现玩家字和地形连接。","玩家字、墙体字、盔/帽相关文字、桥或道路字。","36:57-38:34","AI初标，待人工确认；根据截图联络表粗略识别，坐标、朝向、帧号未精确标注。 重点复核盔/帽触发点与玩家位置。 玩家格子坐标=AI测算(6,6)；坐标由“我”字模板匹配测算，置信度0.90。 朝向按要求暂不填写；镜头位置字段暂留空。","confirmed"
"HELMET-SHOT-004","helmet","参考资料/图片参考/四目头盔流程.docx","harness/baselines/screenshots/images/helmet/HELMET_004.png","1792","1120","4","卡泽之盔-第一阶段洞穴/盔提示状态04","16","3","","","","右侧竖向河流为主，左侧有多行说明文字，局部出现玩家字和地形连接。","玩家字、墙体字、盔/帽相关文字、桥或道路字。","36:57-38:34","AI初标，待人工确认；根据截图联络表粗略识别，坐标、朝向、帧号未精确标注。 重点复核盔/帽触发点与玩家位置。 玩家格子坐标=AI测算(14,3)；坐标由“我”字模板匹配测算，置信度0.52。 朝向按要求暂不填写；镜头位置字段暂留空。","confirmed"
"HELMET-SHOT-005","helmet","参考资料/图片参考/四目头盔流程.docx","harness/baselines/screenshots/images/helmet/HELMET_005.png","1792","1120","5","卡泽之盔-红框路线/机关提示状态05","18","7","","","","洞穴文字地图，左侧说明文字较多，画面有红色箭头或红框标注关键移动/触发路径。","玩家字、墙体字、桥/路字、红框注释、机关提示文字。","38:35-44:04","AI初标，待人工确认；根据截图联络表粗略识别，坐标、朝向、帧号未精确标注。 红框可能是攻略标注，需确认是否进入最终视觉基准。 玩家格子坐标=AI测算(16,7)；坐标由低置信“我”字模板补洞测算，置信度0.63。 朝向按要求暂不填写；镜头位置字段暂留空。","confirmed"
"HELMET-SHOT-006","helmet","参考资料/图片参考/四目头盔流程.docx","harness/baselines/screenshots/images/helmet/HELMET_006.png","1792","1120","6","卡泽之盔-第一阶段洞穴/盔提示状态06","2","13","","","","右侧竖向河流为主，左侧有多行说明文字，局部出现玩家字和地形连接。","玩家字、墙体字、盔/帽相关文字、桥或道路字。","36:57-38:34","AI初标，待人工确认；根据截图联络表粗略识别，坐标、朝向、帧号未精确标注。 重点复核盔/帽触发点与玩家位置。 玩家格子坐标=AI测算(0,13)；坐标由低置信“我”字模板补洞测算，置信度0.53。 朝向按要求暂不填写；镜头位置字段暂留空。","confirmed"
"HELMET-SHOT-007","helmet","参考资料/图片参考/四目头盔流程.docx","harness/baselines/screenshots/images/helmet/HELMET_007.png","1792","1120","7","卡泽之盔-黑屏竖排过渡状态07","0","0","","","","黑底画面，仅有少量竖排文字，疑似剧情转场或提示。","转场文字、玩家/叙述字。","38:35-44:04","AI初标，待人工确认；根据截图联络表粗略识别，坐标、朝向、帧号未精确标注。 重点复核该状态的触发条件和对白内容。 玩家格子坐标=AI测算(0,0)；坐标由“我”字模板匹配测算，置信度0.90。 朝向按要求暂不填写；镜头位置字段暂留空。 人工备注：玩家掉进河里淹死之后的提示","confirmed"
"HELMET-SHOT-008","helmet","参考资料/图片参考/四目头盔流程.docx","harness/baselines/screenshots/images/helmet/HELMET_008.png","1792","1120","8","卡泽之盔-第一阶段洞穴/盔提示状态08","12","10","","","","右侧竖向河流为主，左侧有多行说明文字，局部出现玩家字和地形连接。","玩家字、墙体字、盔/帽相关文字、桥或道路字。","36:57-38:34","AI初标，待人工确认；根据截图联络表粗略识别，坐标、朝向、帧号未精确标注。 重点复核盔/帽触发点与玩家位置。 玩家格子坐标=AI测算(0,11)；坐标由低置信“我”字模板补洞测算，置信度0.42。 朝向按要求暂不填写；镜头位置字段暂留空。","confirmed"
"HELMET-SHOT-009","helmet","参考资料/图片参考/四目头盔流程.docx","harness/baselines/screenshots/images/helmet/HELMET_009.png","1792","1120","9","卡泽之盔-第一阶段洞穴/盔提示状态09","12","10","","","","右侧竖向河流为主，左侧有多行说明文字，局部出现玩家字和地形连接。","玩家字、墙体字、盔/帽相关文字、桥或道路字。","36:57-38:34","AI初标，待人工确认；根据截图联络表粗略识别，坐标、朝向、帧号未精确标注。 重点复核盔/帽触发点与玩家位置。 玩家格子坐标=AI测算(10,10)；坐标由“我”字模板匹配测算，置信度0.90。 朝向按要求暂不填写；镜头位置字段暂留空。","confirmed"
"HELMET-SHOT-010","helmet","参考资料/图片参考/四目头盔流程.docx","harness/baselines/screenshots/images/helmet/HELMET_010.png","1792","1120","10","卡泽之盔-第二阶段洞穴推进状态10","7","4","","","","右侧为竖向的河流和桥梁，左侧上方为提示文字","玩家字、墙体字、桥/路/断裂地形、提示文字。","38:35-44:04","AI初标，待人工确认；根据截图联络表粗略识别，坐标、朝向、帧号未精确标注。 重点复核桥、路、断裂地形的规则。 玩家格子坐标=AI测算(5,5)；坐标由低置信“我”字模板补洞测算，置信度0.90。 朝向按要求暂不填写；镜头位置字段暂留空。","confirmed"
"HELMET-SHOT-011","helmet","参考资料/图片参考/四目头盔流程.docx","harness/baselines/screenshots/images/helmet/HELMET_011.png","1792","1120","11","卡泽之盔-第二阶段洞穴推进状态11","16","2","","","","洞穴墙体和竖向河流明显，左侧说明文字提示无法直接前进或需要改变状态。","玩家字、墙体字、桥/路/断裂地形、提示文字。","38:35-44:04","AI初标，待人工确认；根据截图联络表粗略识别，坐标、朝向、帧号未精确标注。 重点复核桥、路、断裂地形的规则。 玩家格子坐标=AI测算(16,2)；坐标由低置信“我”字模板补洞测算，置信度0.90。 朝向按要求暂不填写；镜头位置字段暂留空。","confirmed"
"HELMET-SHOT-012","helmet","参考资料/图片参考/四目头盔流程.docx","harness/baselines/screenshots/images/helmet/HELMET_012.png","1792","1120","12","卡泽之盔-第二阶段洞穴推进状态12","6","4","","","","洞穴墙体和竖向河流明显，左侧说明文字提示无法直接前进或需要改变状态。","玩家字、墙体字、桥/路/断裂地形、提示文字。","38:35-44:04","AI初标，待人工确认；根据截图联络表粗略识别，坐标、朝向、帧号未精确标注。 重点复核桥、路、断裂地形的规则。 玩家格子坐标=AI测算(4,4)；坐标由低置信“我”字模板补洞测算，置信度0.37。 朝向按要求暂不填写；镜头位置字段暂留空。","confirmed"
"HELMET-SHOT-013","helmet","参考资料/图片参考/四目头盔流程.docx","harness/baselines/screenshots/images/helmet/HELMET_013.png","1792","1120","13","卡泽之盔-第二阶段洞穴推进状态13","6","4","","","","洞穴墙体和竖向河流明显，左侧说明文字提示无法直接前进或需要改变状态。","玩家字、墙体字、桥/路/断裂地形、提示文字。","38:35-44:04","AI初标，待人工确认；根据截图联络表粗略识别，坐标、朝向、帧号未精确标注。 重点复核桥、路、断裂地形的规则。 玩家格子坐标=AI测算(4,4)；坐标由“我”字模板匹配测算，置信度0.52。 朝向按要求暂不填写；镜头位置字段暂留空。","confirmed"
"HELMET-SHOT-014","helmet","参考资料/图片参考/四目头盔流程.docx","harness/baselines/screenshots/images/helmet/HELMET_014.png","1792","1120","14","卡泽之盔-红框路线/机关提示状态14","16","7","","","","洞穴文字地图，左侧说明文字较多，画面有红色箭头或红框标注关键移动/触发路径。","玩家字、墙体字、桥/路字、红框注释、机关提示文字。","38:35-44:04","AI初标，待人工确认；根据截图联络表粗略识别，坐标、朝向、帧号未精确标注。 红框可能是攻略标注，需确认是否进入最终视觉基准。 玩家格子坐标=AI测算(14,7)；坐标由“我”字模板匹配测算，置信度0.90。 朝向按要求暂不填写；镜头位置字段暂留空。","confirmed"
"HELMET-SHOT-015","helmet","参考资料/图片参考/四目头盔流程.docx","harness/baselines/screenshots/images/helmet/HELMET_015.png","1792","1120","15","卡泽之盔-第二阶段洞穴推进状态15","16","3","","","","洞穴墙体和竖向河流明显，左侧说明文字提示无法直接前进或需要改变状态。","玩家字、墙体字、桥/路/断裂地形、提示文字。","38:35-44:04","AI初标，待人工确认；根据截图联络表粗略识别，坐标、朝向、帧号未精确标注。 重点复核桥、路、断裂地形的规则。 玩家格子坐标=AI测算(14,3)；坐标由低置信“我”字模板补洞测算，置信度0.70。 朝向按要求暂不填写；镜头位置字段暂留空。","confirmed"
"HELMET-SHOT-016","helmet","参考资料/图片参考/四目头盔流程.docx","harness/baselines/screenshots/images/helmet/HELMET_016.png","1792","1120","16","卡泽之盔-第二阶段洞穴推进状态16","1","11","","","","洞穴墙体和竖向河流明显，左侧说明文字提示无法直接前进或需要改变状态。","玩家字、墙体字、桥/路/断裂地形、提示文字。","38:35-44:04","AI初标，待人工确认；根据截图联络表粗略识别，坐标、朝向、帧号未精确标注。 重点复核桥、路、断裂地形的规则。 玩家格子坐标=AI测算(1,11)；坐标由低置信“我”字模板补洞测算，置信度0.70。 朝向按要求暂不填写；镜头位置字段暂留空。","confirmed"
"HELMET-SHOT-017","helmet","参考资料/图片参考/四目头盔流程.docx","harness/baselines/screenshots/images/helmet/HELMET_017.png","1792","1120","17","卡泽之盔-第二阶段洞穴推进状态17","7","13","","","","洞穴墙体和竖向河流明显，左侧说明文字提示无法直接前进或需要改变状态。","玩家字、墙体字、桥/路/断裂地形、提示文字。","38:35-44:04","AI初标，待人工确认；根据截图联络表粗略识别，坐标、朝向、帧号未精确标注。 重点复核桥、路、断裂地形的规则。 玩家格子坐标=AI测算(3,6)；坐标由低置信“我”字模板补洞测算，置信度0.43。 朝向按要求暂不填写；镜头位置字段暂留空。","confirmed"
"HELMET-SHOT-018","helmet","参考资料/图片参考/四目头盔流程.docx","harness/baselines/screenshots/images/helmet/HELMET_018.png","1792","1120","18","卡泽之盔-第二阶段洞穴推进状态18","7","13","","","","洞穴墙体和竖向河流明显，左侧说明文字提示无法直接前进或需要改变状态。","玩家字、墙体字、桥/路/断裂地形、提示文字。","38:35-44:04","AI初标，待人工确认；根据截图联络表粗略识别，坐标、朝向、帧号未精确标注。 重点复核桥、路、断裂地形的规则。 玩家格子坐标=AI测算(5,13)；坐标由“我”字模板匹配测算，置信度0.90。 朝向按要求暂不填写；镜头位置字段暂留空。","confirmed"
"HELMET-SHOT-019","helmet","参考资料/图片参考/四目头盔流程.docx","harness/baselines/screenshots/images/helmet/HELMET_019.png","1792","1120","19","卡泽之盔-第三阶段路径恢复/绕行状态19","3","4","","","","左侧叙述文字变多，右侧河流保持，部分画面出现更开阔的底部区域。","玩家字、墙体字、桥/道路字、状态提示文字。","44:05-46:26","AI初标，待人工确认；根据截图联络表粗略识别，坐标、朝向、帧号未精确标注。 重点复核阶段切换点和地图变化。 玩家格子坐标=AI测算(1,5)；坐标由“我”字模板匹配测算，置信度0.90。 朝向按要求暂不填写；镜头位置字段暂留空。","confirmed"
"HELMET-SHOT-020","helmet","参考资料/图片参考/四目头盔流程.docx","harness/baselines/screenshots/images/helmet/HELMET_020.png","1792","1120","20","卡泽之盔-第三阶段路径恢复/绕行状态20","20","5","","","","左侧叙述文字变多，右侧河流保持，部分画面出现更开阔的底部区域。","玩家字、墙体字、桥/道路字、状态提示文字。","44:05-46:26","AI初标，待人工确认；根据截图联络表粗略识别，坐标、朝向、帧号未精确标注。 重点复核阶段切换点和地图变化。 玩家格子坐标=AI测算(0,8)；坐标由低置信“我”字模板补洞测算，置信度0.39。 朝向按要求暂不填写；镜头位置字段暂留空。","confirmed"
"HELMET-SHOT-021","helmet","参考资料/图片参考/四目头盔流程.docx","harness/baselines/screenshots/images/helmet/HELMET_021.png","1792","1120","21","卡泽之盔-第三阶段路径恢复/绕行状态21","7","4","","","","左侧叙述文字变多，右侧通道/墙体保持，部分画面出现更开阔的底部区域。","玩家字、墙体字、桥/道路字、状态提示文字。","44:05-46:26","AI初标，待人工确认；根据截图联络表粗略识别，坐标、朝向、帧号未精确标注。 重点复核阶段切换点和地图变化。 玩家格子坐标=AI测算(5,4)；坐标由低置信“我”字模板补洞测算，置信度0.41。 朝向按要求暂不填写；镜头位置字段暂留空。 人工备注：“我”和“鸟”合成了“鹅”，坐标（7，4）是玩家","confirmed"
"HELMET-SHOT-022","helmet","参考资料/图片参考/四目头盔流程.docx","harness/baselines/screenshots/images/helmet/HELMET_022.png","1792","1120","22","卡泽之盔-第三阶段路径恢复/绕行状态22","23","5","","","","左侧叙述文字变多，右侧河流保持，部分画面出现更开阔的底部区域。","玩家字、墙体字、桥/道路字、状态提示文字。","44:05-46:26","AI初标，待人工确认；根据截图联络表粗略识别，坐标、朝向、帧号未精确标注。 重点复核阶段切换点和地图变化。 玩家格子坐标=AI测算(7,8)；坐标由低置信“我”字模板补洞测算，置信度0.41。 朝向按要求暂不填写；镜头位置字段暂留空。 人工备注：在本图中“鹅”是玩家","confirmed"
"HELMET-SHOT-023","helmet","参考资料/图片参考/四目头盔流程.docx","harness/baselines/screenshots/images/helmet/HELMET_023.png","1792","1120","23","卡泽之盔-红框路线/机关提示状态23","19","5","","","","洞穴文字地图，左侧说明文字较多，画面有红色箭头或红框标注关键移动/触发路径。","玩家字、墙体字、桥/路字、红框注释、机关提示文字。","46:27-50:19","AI初标，待人工确认；根据截图联络表粗略识别，坐标、朝向、帧号未精确标注。 红框可能是攻略标注，需确认是否进入最终视觉基准。 玩家格子坐标=AI测算(17,5)；坐标由“我”字模板匹配测算，置信度0.68。 朝向按要求暂不填写；镜头位置字段暂留空。","confirmed"
"HELMET-SHOT-024","helmet","参考资料/图片参考/四目头盔流程.docx","harness/baselines/screenshots/images/helmet/HELMET_024.png","1792","1120","24","卡泽之盔-第三阶段路径恢复/绕行状态24","29","4","","","","左侧叙述文字变多，右侧通道/墙体保持，部分画面出现更开阔的底部区域。","玩家字、墙体字、桥/道路字、状态提示文字。","44:05-46:26","AI初标，待人工确认；根据截图联络表粗略识别，坐标、朝向、帧号未精确标注。 重点复核阶段切换点和地图变化。 玩家格子坐标=AI测算(6,3)；坐标由低置信“我”字模板补洞测算，置信度0.38。 朝向按要求暂不填写；镜头位置字段暂留空。 人工备注：在本图中“鹅”是玩家","confirmed"
"HELMET-SHOT-025","helmet","参考资料/图片参考/四目头盔流程.docx","harness/baselines/screenshots/images/helmet/HELMET_025.png","1792","1120","25","卡泽之盔-黑屏竖排过渡状态25","7","12","","","","黑底画面，仅有少量竖排文字，疑似剧情转场或提示。","转场文字、玩家/叙述字。","46:27-49:04","AI初标，待人工确认；根据截图联络表粗略识别，坐标、朝向、帧号未精确标注。 重点复核该状态的触发条件和对白内容。 玩家格子坐标=AI测算(6,12)；坐标由“我”字模板匹配测算，置信度0.88。 朝向按要求暂不填写；镜头位置字段暂留空。","confirmed"
"HELMET-SHOT-026","helmet","参考资料/图片参考/四目头盔流程.docx","harness/baselines/screenshots/images/helmet/HELMET_026.png","1792","1120","26","卡泽之盔-后段机关/结尾状态26","16","3","","","","后段洞穴地图，右侧密集河流，左侧说明文字提示最终机关或收束状态。","玩家字、墙体字、桥/路字、机关提示、结尾对白。","46:27-50:59","AI初标，待人工确认；根据截图联络表粗略识别，坐标、朝向、帧号未精确标注。 重点复核结尾触发、恢复状态和最终对白。 玩家格子坐标=AI测算(14,3)；坐标由低置信“我”字模板补洞测算，置信度0.70。 朝向按要求暂不填写；镜头位置字段暂留空。","confirmed"
"HELMET-SHOT-027","helmet","参考资料/图片参考/四目头盔流程.docx","harness/baselines/screenshots/images/helmet/HELMET_027.png","1792","1120","27","卡泽之盔-后段机关/结尾状态27","16","3","","","","后段洞穴地图，右侧密集河流和桥梁，左侧说明文字提示最终机关或收束状态。","玩家字、墙体字、桥/路字、机关提示、结尾对白。","46:27-50:59","AI初标，待人工确认；根据截图联络表粗略识别，坐标、朝向、帧号未精确标注。 重点复核结尾触发、恢复状态和最终对白。 玩家格子坐标=AI测算(14,3)；坐标由低置信“我”字模板补洞测算，置信度0.54。 朝向按要求暂不填写；镜头位置字段暂留空。","confirmed"
"HELMET-SHOT-028","helmet","参考资料/图片参考/四目头盔流程.docx","harness/baselines/screenshots/images/helmet/HELMET_028.png","1792","1120","28","卡泽之盔-后段机关/结尾状态28","6","4","","","","后段洞穴地图，右侧密集河流，左侧说明文字提示最终机关或收束状态。","玩家字、墙体字、桥/路字、机关提示、结尾对白。","46:27-50:59","AI初标，待人工确认；根据截图联络表粗略识别，坐标、朝向、帧号未精确标注。 重点复核结尾触发、恢复状态和最终对白。 玩家格子坐标=AI测算(4,4)；坐标由“我”字模板匹配测算，置信度0.90。 朝向按要求暂不填写；镜头位置字段暂留空。","confirmed"
"HELMET-SHOT-029","helmet","参考资料/图片参考/四目头盔流程.docx","harness/baselines/screenshots/images/helmet/HELMET_029.png","1792","1120","29","卡泽之盔-后段机关/结尾状态29","16","3","","","","后段洞穴地图，右侧密集河流和桥梁，左侧说明文字提示最终机关或收束状态。","玩家字、墙体字、桥/路字、机关提示、结尾对白。","46:27-50:59","AI初标，待人工确认；根据截图联络表粗略识别，坐标、朝向、帧号未精确标注。 重点复核结尾触发、恢复状态和最终对白。 玩家格子坐标=AI测算(14,3)；坐标由低置信“我”字模板补洞测算，置信度0.41。 朝向按要求暂不填写；镜头位置字段暂留空。","confirmed"
"HELMET-SHOT-030","helmet","参考资料/图片参考/四目头盔流程.docx","harness/baselines/screenshots/images/helmet/HELMET_030.png","1792","1120","30","卡泽之盔-红框路线/机关提示状态30","20","5","","","","洞穴文字地图，左侧说明文字较多，画面有红色箭头或红框标注关键移动/触发路径。","玩家字、墙体字、桥/路字、红框注释、机关提示文字。","46:27-50:19","AI初标，待人工确认；根据截图联络表粗略识别，坐标、朝向、帧号未精确标注。 红框可能是攻略标注，需确认是否进入最终视觉基准。 玩家格子坐标=AI测算(18,5)；坐标由“我”字模板匹配测算，置信度0.68。 朝向按要求暂不填写；镜头位置字段暂留空。","confirmed"
"HELMET-SHOT-031","helmet","参考资料/图片参考/四目头盔流程.docx","harness/baselines/screenshots/images/helmet/HELMET_031.png","1792","1120","31","卡泽之盔-后段机关/结尾状态31","8","9","","","","后段洞穴地图，右侧密集河流和桥梁，左侧说明文字提示最终机关或收束状态。","玩家字、墙体字、桥/路字、机关提示、结尾对白。","46:27-50:59","AI初标，待人工确认；根据截图联络表粗略识别，坐标、朝向、帧号未精确标注。 重点复核结尾触发、恢复状态和最终对白。 玩家格子坐标=AI测算(5,13)；坐标由低置信“我”字模板补洞测算，置信度0.38。 朝向按要求暂不填写；镜头位置字段暂留空。","confirmed"
